<?xml version="1.0" encoding="UTF-8"?><metadata>
    <idinfo>
        <citation>
            <citeinfo>
                <title>Parks and Public Spaces</title>
                <onlink>https://map.langleycity.ca/ags/rest/services/Maps/OpenData/MapServer/187</onlink>
                <onlink>https://data-langleycity.opendata.arcgis.com/datasets/dcb1b35ec8e24303a23b3a8cc7a79f58</onlink>
                <onlink>https://data-langleycity.opendata.arcgis.com/datasets/ca692bf433594bec9b61a05fa3740d57</onlink>
            </citeinfo>
        </citation>
        <descript>
            <abstract>Parks and public spaces within the City of Langley.&amp;nbsp; Data includes named parks and passive green spaces.</abstract>
            <purpose>Parks and public spaces within the City of Langley.  Data includes named parks and passive green spaces.</purpose>
        </descript>
        <keywords>
            <theme>
                <themekt>None</themekt>
                <themekey>City of Langley</themekey>
                <themekey>Open Data</themekey>
                <themekey>Parks</themekey>
                <themekey>Parks and Public Spaces</themekey>
            </theme>
        </keywords>
        <accconst>None</accconst>
        <useconst>https://langleycity.ca/open-data-license</useconst>
    </idinfo>
    <metainfo>
        <metd>20210212</metd>
        <metc>
            <cntinfo>
                <!--no contact person or organization name available-->
            </cntinfo>
        </metc>
        <metstdn>FGDC Content Standard for Digital Geospatial Metadata</metstdn>
        <metstdv>FGDC-STD-001-1998</metstdv>
        <mettc>local time</mettc>
    </metainfo>
</metadata>
