<?xml version="1.0" encoding="UTF-8"?><metadata>
    <idinfo>
        <citation>
            <citeinfo>
                <title>Park Inventory</title>
                <onlink>https://gis.burnaby.ca/arcgis/rest/services/OpenData/OpenData1/MapServer/6</onlink>
            </citeinfo>
        </citation>
        <descript>
            <abstract>A collection of all known parks and golf courses in Burnaby. Individual parks may be broken down into separate polygons based on unique attributes. Layer is predominantly used to determine park name, classification and considerations for future property acquisitions. Additional attribute information includes parcel ownership and acquisition process/funds needed.</abstract>
        </descript>
        <keywords>
            <theme>
                <themekt>None</themekt>
                <themekey>Park</themekey>
                <themekey>Burnaby</themekey>
                <themekey>Parks &amp; Trails</themekey>
            </theme>
        </keywords>
        <accconst>None</accconst>
        <useconst>https://data.burnaby.ca/pages/open-government-licence</useconst>
        <datacred>City of Burnaby</datacred>
    </idinfo>
    <metainfo>
        <metd>20170620</metd>
        <metc>
            <cntinfo>
                <!--no contact person or organization name available-->
            </cntinfo>
        </metc>
        <metstdn>FGDC Content Standard for Digital Geospatial Metadata</metstdn>
        <metstdv>FGDC-STD-001-1998</metstdv>
        <mettc>local time</mettc>
    </metainfo>
</metadata>
